"","CVX_r","XOM_r","HD_r","JNJ_r","PFE_r"
"CVX_r",1,0.788819897780567,0.341630577776933,0.378518079593151,0.326793952829342
"XOM_r",0.788819897780567,1,0.333182783085373,0.428787376891735,0.365083735265677
"HD_r",0.341630577776933,0.333182783085373,1,0.412129994900075,0.407307240737112
"JNJ_r",0.378518079593151,0.428787376891735,0.412129994900075,1,0.530313074222999
"PFE_r",0.326793952829342,0.365083735265677,0.407307240737112,0.530313074222999,1
