"","meanForecast","meanError","standardDeviation","meanForecast","meanError","standardDeviation","meanForecast","meanError","standardDeviation","meanForecast","meanError","standardDeviation","meanForecast","meanError","standardDeviation"
"1",0.000362695899989847,0.0254412706385364,0.0254412706385364,0.00016850483018749,0.0213605539664887,0.0213605539664887,0.000776366551197962,0.0281102835858593,0.0281102835858593,0.00069319853257193,0.0219609706324203,0.0219609706324203,0.000295286290335851,0.0244897575855768,0.0244897575855768
"2",0.000362695899989847,0.0253643604199705,0.0253643604199705,0.00016850483018749,0.0212838256299557,0.0212838256299557,0.000776366551197962,0.0275212921645327,0.0275212921645327,0.00069319853257193,0.0213035909674805,0.0213035909674805,0.000295286290335851,0.024102080810638,0.024102080810638
"3",0.000362695899989847,0.0252880533059997,0.0252880533059997,0.00016850483018749,0.0212077495928222,0.0212077495928222,0.000776366551197962,0.0269508456237079,0.0269508456237079,0.00069319853257193,0.0206760742558824,0.0206760742558824,0.000295286290335851,0.0237260913498451,0.0237260913498451
"4",0.000362695899989847,0.0252123456774486,0.0252123456774486,0.00016850483018749,0.0211323216508524,0.0211323216508524,0.000776366551197962,0.0263984892094559,0.0263984892094559,0.00069319853257193,0.0200773653872963,0.0200773653872963,0.000295286290335851,0.0233615228762389,0.0233615228762389
"5",0.000362695899989847,0.0251372339273078,0.0251372339273078,0.00016850483018749,0.0210575376155525,0.0210575376155525,0.000776366551197962,0.0258637781046717,0.0258637781046717,0.00069319853257193,0.0195064416579703,0.0195064416579703,0.000295286290335851,0.0230081131882644,0.0230081131882644
